uid,split,cluster_id
1,test,0
2,train,1
3,train,2
4,train,3
5,train,4
6,train,5
7,train,6
8,test,7
9,train,8
10,train,9
11,train,10
12,train,11
13,train,12
14,train,13
15,train,14
16,val,15
17,train,16
18,train,17
19,train,18
20,train,19
21,train,20
22,train,21
23,train,22
24,test,23
25,train,24
26,train,25
27,train,26
28,train,27
29,train,28
30,val,29
31,train,30
32,train,31
33,train,32
34,train,33
35,train,34
36,train,35
37,train,36
38,train,37
39,train,38
40,train,39
41,train,40
42,train,41
43,train,38
44,train,42
45,train,43
46,train,44
47,train,45
48,train,46
49,train,47
50,train,48
51,train,49
52,train,50
53,train,51
54,train,52
55,train,53
56,train,54
57,train,55
58,train,56
59,train,57
60,train,58
61,train,59
62,train,60
63,train,61
65,train,62
66,test,63
67,train,64
68,val,65
69,train,33
70,train,66
71,train,67
72,train,68
73,train,69
74,train,70
75,train,71
76,train,72
77,train,73
78,train,74
79,train,75
80,test,76
81,train,77
82,train,78
83,test,79
84,train,80
85,train,81
86,train,82
87,val,83
88,train,84
89,train,85
90,train,86
91,train,87
92,train,88
93,train,89
94,train,90
95,train,91
96,train,92
97,train,25
98,train,93
99,train,94
100,train,95
102,train,96
103,train,97
104,train,98
105,train,99
106,test,100
107,train,35
108,train,101
110,val,102
111,train,103
112,train,104
113,train,105
114,train,106
115,train,107
116,train,108
117,train,109
118,train,110
119,train,111
120,train,112
121,test,113
122,train,114
123,train,115
124,train,116
125,train,117
126,train,118
127,train,119
128,train,120
129,train,121
130,train,122
131,train,123
132,train,124
133,train,54
134,train,125
135,val,126
136,train,127
137,train,128
138,train,129
139,train,130
141,train,131
142,train,132
143,train,133
144,train,134
145,train,135
147,test,136
149,val,137
150,train,138
151,train,38
152,train,139
153,train,140
154,train,141
155,train,142
157,train,143
158,train,144
159,train,145
160,train,146
161,train,147
162,train,127
164,train,148
165,train,149
166,train,150
167,train,151
168,train,152
169,train,153
171,train,154
172,train,155
173,train,156
174,train,157
175,train,158
176,train,159
177,train,160
178,train,161
179,train,162
181,train,163
182,train,164
183,train,165
184,train,166
185,train,167
186,test,168
187,train,169
188,train,170
189,train,171
190,val,172
191,train,173
192,train,174
193,train,175
194,train,176
195,train,177
196,val,178
197,train,179
198,train,38
200,train,22
201,train,180
202,train,181
203,train,54
204,train,127
205,train,182
206,train,183
207,test,184
208,train,185
209,train,186
210,train,187
211,val,188
212,train,189
214,train,190
215,train,191
216,train,192
217,val,193
218,train,194
219,train,195
220,train,196
221,train,197
222,train,22
223,train,198
224,test,199
225,val,200
226,train,25
227,train,201
228,train,202
229,train,203
230,train,204
234,train,205
235,train,206
236,train,82
237,train,207
238,test,208
239,test,209
240,train,210
241,val,211
242,train,212
243,test,213
244,train,214
245,train,215
246,train,216
247,train,217
248,train,218
249,train,219
250,train,220
251,train,221
252,train,33
253,train,222
254,train,223
255,val,224
256,train,225
257,train,226
258,train,227
259,test,228
260,train,229
261,val,230
262,train,231
263,train,232
264,test,233
266,train,234
267,train,235
268,train,236
269,train,237
270,train,238
271,train,239
272,val,240
273,train,241
274,train,242
275,train,243
276,train,35
277,train,244
278,train,245
279,train,22
280,train,38
281,train,95
282,train,246
283,train,247
284,train,248
285,train,249
286,train,250
287,test,251
288,train,252
289,train,253
290,train,254
291,train,35
292,train,255
293,train,256
294,train,257
295,train,258
296,train,259
297,train,260
298,train,216
299,train,261
300,train,262
301,val,263
302,train,264
303,train,265
305,train,266
306,train,267
307,train,268
308,train,269
309,test,270
310,val,271
312,train,272
313,train,273
314,train,274
315,train,275
316,train,276
317,train,277
318,train,11
319,test,278
320,train,279
321,train,280
322,train,281
323,train,282
324,train,11
325,train,283
326,val,284
327,train,285
328,train,22
329,train,286
330,test,287
331,train,85
332,train,288
333,train,289
334,train,290
335,train,291
336,val,292
337,train,293
338,val,294
339,train,154
340,train,295
341,train,296
342,train,297
343,train,298
344,train,35
345,test,299
346,val,300
347,train,301
348,train,302
349,train,303
350,train,304
351,train,305
352,train,306
353,train,307
354,train,308
355,train,309
356,train,121
357,train,310
358,test,311
359,train,185
360,val,312
361,train,313
362,test,314
363,val,315
364,train,238
365,train,316
366,train,54
367,test,317
368,train,10
370,test,318
371,train,319
372,train,320
373,train,95
374,train,321
375,val,322
376,train,323
377,train,324
378,train,325
379,train,326
380,train,327
382,train,328
383,train,329
384,train,330
385,val,331
386,train,198
387,train,332
388,train,333
389,train,334
390,train,335
391,train,336
392,train,337
393,train,338
394,train,339
395,train,340
396,train,341
397,train,342
398,train,343
399,train,324
400,train,344
401,train,345
402,train,38
403,train,346
406,train,347
407,train,283
408,train,348
409,train,349
410,train,350
411,train,351
412,train,352
413,train,353
414,train,354
415,train,355
416,train,356
417,train,357
418,train,358
419,train,129
420,train,359
421,train,360
422,train,361
423,train,362
424,train,363
425,train,37
426,train,364
427,train,121
428,test,365
429,test,366
430,val,367
432,train,368
433,val,369
434,train,370
435,train,37
436,train,371
437,train,372
438,train,373
439,train,374
440,train,375
441,train,376
442,train,377
443,train,378
444,train,185
445,train,373
446,train,379
448,train,82
449,test,380
450,val,381
451,train,382
452,train,383
453,train,384
454,train,385
455,train,386
456,train,387
457,train,388
458,train,389
459,train,390
460,train,391
461,train,237
462,train,392
463,train,393
464,train,394
465,train,395
466,train,396
467,train,11
468,train,397
469,train,398
470,test,399
471,train,400
472,train,401
473,val,369
474,train,216
475,val,402
476,train,403
477,train,121
478,train,404
479,train,185
480,train,405
481,train,406
482,train,407
483,train,408
484,train,409
485,train,38
486,train,410
487,train,411
488,train,412
489,train,413
491,train,414
492,val,415
493,train,416
494,train,417
495,train,418
496,test,419
497,train,127
498,train,420
499,train,421
500,train,422
501,train,423
502,val,424
503,train,212
504,train,425
505,test,426
506,train,427
507,train,162
508,test,428
509,train,429
510,train,212
511,train,430
512,train,431
513,train,432
514,train,433
515,train,243
516,train,434
517,train,435
518,val,436
519,train,437
520,train,438
522,train,439
523,train,127
524,train,440
525,train,441
526,train,442
527,val,443
529,test,444
530,train,445
531,train,446
532,train,447
533,train,448
534,train,449
535,train,450
536,val,451
537,train,452
538,test,453
539,train,77
540,train,454
541,train,455
542,train,41
543,train,247
544,train,456
545,train,457
546,train,458
547,train,459
548,train,460
549,train,461
550,train,462
551,train,463
552,train,464
553,train,465
554,train,466
555,train,467
556,train,92
557,test,468
558,train,469
559,val,470
560,val,471
561,train,54
562,train,111
563,train,472
564,train,473
565,train,35
567,train,474
568,train,475
569,train,476
570,train,477
571,train,478
572,train,95
573,train,479
575,train,480
577,train,481
578,train,482
579,train,35
580,train,483
581,test,453
582,train,10
583,train,484
584,train,16
585,train,485
586,train,486
587,train,487
588,train,144
589,train,127
590,train,488
591,train,489
592,train,490
593,train,491
594,train,492
595,train,42
596,train,493
597,train,494
598,train,495
599,train,496
600,train,497
601,train,498
602,test,499
603,train,500
604,train,501
605,train,502
606,train,503
607,train,504
608,train,505
609,val,506
610,train,507
611,train,508
612,train,509
613,train,38
614,train,510
615,train,511
616,train,512
617,train,513
618,test,514
619,train,515
620,train,516
621,train,517
622,train,95
623,train,518
624,train,519
626,val,520
627,train,521
628,train,522
629,train,523
630,test,524
631,train,525
632,test,526
633,train,527
634,train,528
635,train,529
636,train,530
637,train,38
638,train,531
639,train,22
640,train,532
641,train,533
642,train,534
643,train,535
644,train,536
645,train,537
646,train,538
647,train,539
648,train,540
649,train,541
651,train,542
652,train,543
653,train,544
654,train,232
655,train,545
656,train,546
657,val,547
658,train,92
659,train,548
660,train,549
661,train,550
662,train,214
663,test,551
664,train,552
665,train,553
666,train,554
667,train,555
668,train,556
669,train,557
670,train,558
671,train,559
672,train,560
673,train,561
674,train,562
675,train,563
676,train,267
677,train,564
679,train,565
680,train,566
681,train,567
682,train,568
683,train,144
684,train,569
685,train,570
686,train,571
687,train,572
688,train,573
689,train,574
690,train,575
691,test,576
692,train,577
693,train,578
694,train,579
695,train,580
696,test,581
698,train,582
699,train,583
700,train,584
701,train,585
702,train,586
703,train,587
704,train,466
705,train,588
706,train,589
707,train,127
708,val,590
709,train,591
710,train,592
711,train,593
712,train,594
713,train,595
714,train,596
715,train,597
716,train,598
717,train,54
718,train,599
719,test,213
720,val,322
721,train,478
722,train,356
723,train,600
725,train,601
726,train,602
727,test,603
728,train,604
729,train,605
730,train,606
731,val,607
732,train,608
733,train,609
734,train,610
735,train,611
736,train,612
737,val,613
738,train,38
739,val,614
740,test,615
741,val,613
742,train,616
743,train,617
744,train,618
745,train,619
746,train,620
747,train,621
748,train,246
749,train,622
750,train,623
751,train,17
752,train,624
753,train,517
754,train,38
755,train,625
756,val,626
757,train,627
758,test,628
759,train,629
760,train,630
761,train,631
762,train,632
763,train,633
764,train,634
765,train,635
766,train,279
767,val,636
768,train,637
769,train,638
770,train,131
771,train,639
772,train,640
773,train,641
774,train,642
776,train,643
777,train,644
778,train,645
779,train,239
780,train,646
781,train,33
782,train,647
783,train,648
784,train,649
785,train,238
786,train,650
787,train,232
788,train,651
790,train,652
791,train,653
792,train,92
793,test,654
794,val,655
795,train,656
796,train,657
797,train,658
798,train,659
799,test,660
801,val,661
803,train,662
804,train,663
805,train,664
806,train,665
808,train,666
809,train,667
810,train,668
811,train,669
812,train,670
813,train,671
814,train,672
815,test,673
817,train,674
818,train,675
819,train,676
820,train,677
821,train,678
822,train,679
824,train,680
825,train,681
826,train,42
827,train,682
828,train,683
829,train,411
830,train,684
831,train,685
832,train,686
833,train,22
834,train,687
835,train,688
836,train,689
837,train,690
838,train,691
839,train,692
840,train,693
841,train,694
842,test,695
843,train,696
844,val,697
845,train,698
846,train,699
847,train,700
849,train,701
850,train,702
851,train,703
853,train,704
854,train,705
855,train,54
857,train,22
858,train,706
859,train,707
860,train,708
861,train,709
862,train,710
863,test,711
864,train,712
865,val,713
866,test,287
867,train,714
868,train,715
869,train,50
870,train,38
871,train,716
872,train,717
874,train,718
875,train,719
877,train,720
878,train,721
879,train,722
880,train,25
881,test,723
882,train,373
883,test,673
884,train,724
885,train,725
886,train,54
887,train,238
888,train,82
889,train,131
890,train,726
891,train,22
892,train,727
893,train,704
894,val,728
896,train,729
897,train,730
899,val,731
900,train,732
901,train,733
902,train,734
903,train,735
904,train,736
905,train,462
906,train,737
907,train,738
908,train,739
909,train,35
910,train,740
911,test,741
912,train,742
913,val,743
914,train,744
915,train,745
916,train,746
917,train,747
918,train,748
919,train,749
920,train,750
921,test,751
922,train,752
923,train,753
925,train,754
926,train,141
927,train,755
928,train,54
929,train,756
930,train,757
931,train,153
932,val,758
933,train,759
934,train,760
935,train,154
936,train,54
937,val,761
938,train,762
939,train,216
940,train,763
941,test,764
942,train,765
943,test,766
944,train,767
945,train,768
946,train,748
947,val,769
948,train,770
949,train,771
950,train,772
951,test,773
952,train,774
953,train,775
954,train,776
955,train,777
956,train,778
957,train,779
958,train,35
959,train,780
960,train,781
961,train,782
962,train,216
963,train,517
964,train,783
965,test,784
966,train,785
967,val,786
968,train,17
969,train,787
970,train,212
971,train,788
972,train,789
973,train,790
974,train,791
975,train,792
976,train,793
977,train,33
978,train,794
979,train,795
980,train,556
981,train,796
982,test,797
983,train,798
984,train,799
985,train,373
986,val,800
987,train,38
988,val,801
989,train,802
990,train,803
991,train,804
992,train,805
993,train,656
994,train,806
995,train,807
996,test,808
997,train,809
998,train,810
999,train,243
1000,train,811
1001,train,812
1002,train,813
1003,train,814
1004,train,815
1005,train,159
1006,val,816
1007,train,817
1008,val,818
1009,train,772
1010,train,722
1011,train,819
1012,train,820
1013,train,821
1014,train,822
1016,train,823
1017,train,824
1018,train,825
1019,train,826
1020,train,827
1021,train,828
1022,train,829
1023,train,830
1024,train,748
1025,train,831
1026,test,832
1028,val,833
1029,train,834
1030,train,835
1031,train,836
1032,train,837
1033,train,838
1034,train,839
1035,train,840
1036,train,841
1037,train,842
1038,train,843
1039,train,844
1040,train,845
1041,train,846
1042,train,75
1043,train,847
1044,train,848
1045,train,849
1046,test,850
1047,train,35
1048,train,851
1049,train,534
1051,val,852
1052,test,853
1053,train,854
1054,train,855
1055,train,33
1056,train,856
1057,val,857
1058,train,858
1059,train,859
1060,train,860
1061,train,861
1062,train,862
1063,train,863
1064,train,864
1065,train,865
1066,train,866
1067,test,867
1069,train,868
1070,train,869
1072,train,870
1073,train,871
1074,train,872
1075,train,873
1076,train,874
1077,train,38
1078,train,216
1079,train,875
1081,train,876
1082,train,877
1083,val,878
1084,train,41
1085,train,879
1086,train,880
1087,train,881
1088,train,882
1089,train,883
1090,train,279
1091,train,38
1092,train,214
1093,train,22
1094,train,884
1095,train,885
1096,train,886
1097,train,887
1098,train,888
1099,test,889
1100,train,890
1101,train,517
1102,train,891
1103,train,892
1104,train,893
1105,train,894
1106,train,895
1107,train,896
1108,train,897
1109,train,556
1110,train,898
1112,train,899
1113,train,900
1114,train,54
1115,val,901
1116,train,902
1117,train,903
1118,train,153
1119,train,904
1121,train,905
1122,train,906
1123,train,907
1124,train,908
1125,train,909
1126,train,910
1128,train,911
1129,train,912
1130,train,913
1131,train,914
1133,train,915
1134,train,916
1135,train,917
1136,train,37
1137,test,918
1138,val,919
1139,train,920
1140,train,921
1141,train,95
1142,train,922
1143,train,923
1144,train,238
1145,train,924
1146,train,925
1147,test,926
1148,train,722
1149,train,927
1150,train,38
1151,val,928
1152,train,929
1153,train,930
1154,train,931
1155,train,932
1156,test,933
1157,train,934
1158,train,935
1159,train,37
1160,train,936
1161,train,238
1162,train,44
1163,val,937
1164,train,938
1165,train,111
1166,train,939
1167,train,940
1168,train,95
1169,train,941
1170,train,942
1171,train,943
1172,train,238
1173,train,944
1174,train,945
1175,train,95
1176,train,153
1177,train,946
1178,test,947
1179,train,948
1180,train,949
1182,train,950
1183,train,951
1184,train,952
1187,train,953
1188,train,95
1189,train,954
1190,train,95
1191,val,613
1192,train,556
1193,train,955
1194,train,956
1195,train,957
1196,train,958
1197,train,959
1198,train,960
1199,test,961
1200,train,962
1202,train,963
1203,train,964
1204,train,965
1205,val,966
1206,train,154
1207,train,92
1208,train,967
1209,train,35
1210,train,968
1211,train,969
1212,train,54
1213,train,970
1214,train,971
1216,test,972
1217,train,973
1218,test,551
1219,val,818
1220,train,974
1221,train,162
1222,train,38
1223,train,975
1224,train,38
1225,train,976
1226,train,977
1228,train,978
1229,train,979
1230,train,980
1231,train,981
1232,train,982
1233,train,983
1234,train,984
1235,train,985
1236,train,238
1237,train,986
1238,train,22
1239,val,987
1240,train,988
1241,train,989
1242,train,990
1243,train,991
1244,val,992
1245,train,993
1246,train,994
1248,train,995
1249,train,996
1250,train,997
1252,train,998
1253,train,22
1254,train,238
1255,train,999
1256,train,1000
1257,train,1001
1258,train,38
1259,train,54
1260,train,704
1261,train,1002
1262,train,1003
1263,train,159
1264,train,238
1265,train,1004
1266,train,1005
1267,test,1006
1268,train,1007
1269,train,1008
1270,train,77
1271,train,1009
1272,train,1010
1273,train,1011
1274,train,237
1275,val,1012
1276,train,1013
1277,train,1014
1278,train,54
1279,train,1015
1280,test,0
1281,train,1016
1282,train,1017
1283,train,1018
1284,train,1019
1285,train,1020
1286,train,1021
1287,train,1022
1288,val,1023
1289,train,1024
1290,train,1025
1291,train,1026
1292,train,1027
1293,test,1028
1294,val,1029
1295,train,1030
1296,train,44
1297,val,1031
1300,train,1032
1301,train,1033
1302,train,1034
1303,train,1035
1304,train,127
1305,train,95
1306,train,1036
1307,train,1037
1308,val,1038
1309,train,238
1310,train,1039
1311,train,1040
1312,test,1041
1313,train,1042
1314,train,16
1315,train,1043
1316,val,369
1317,train,1044
1318,val,1045
1319,train,22
1320,train,1046
1321,train,1047
1322,train,92
1323,train,85
1324,train,1048
1326,train,1049
1327,train,1050
1328,train,1051
1329,train,1052
1330,test,318
1331,train,1053
1332,train,1054
1333,train,1055
1334,train,575
1335,train,1056
1336,train,1057
1338,train,38
1339,train,1058
1340,train,1059
1341,train,1060
1342,train,1061
1343,train,1062
1344,train,575
1345,train,127
1346,train,1063
1347,train,239
1348,train,1064
1349,train,1065
1350,test,1066
1351,train,1067
1352,train,1068
1353,train,1069
1354,train,1070
1356,val,1071
1357,train,1072
1358,train,1073
1359,train,1074
1360,train,1075
1361,train,1076
1362,train,1077
1363,train,1078
1364,train,238
1365,val,1079
1366,train,232
1367,train,433
1368,train,54
1369,train,1080
1370,test,1081
1371,train,1082
1372,train,1083
1373,train,619
1374,val,1038
1375,train,1084
1376,train,1085
1377,train,185
1378,test,1086
1379,val,1087
1380,train,11
1381,train,121
1382,train,77
1383,train,1088
1384,val,731
1385,train,1089
1386,train,1090
1387,train,1091
1388,train,1092
1389,train,1093
1390,train,1094
1392,train,1095
1393,train,1096
1394,train,1097
1395,train,1098
1396,train,11
1397,test,1099
1398,train,1100
1399,train,1101
1400,train,54
1401,train,1102
1402,train,481
1403,train,1103
1404,train,1104
1405,train,1105
1406,train,1106
1407,train,1107
1408,train,1108
1409,val,1109
1410,train,185
1411,train,1110
1412,train,1111
1413,train,1112
1414,train,1113
1415,train,127
1416,train,1114
1417,train,1115
1418,train,44
1419,train,1116
1420,train,1117
1421,train,1118
1422,train,1119
1423,train,1120
1424,train,22
1425,train,35
1426,test,1121
1427,train,1122
1428,train,742
1429,val,1123
1430,train,1124
1431,train,238
1432,train,324
1433,train,1125
1434,train,95
1435,train,1126
1436,train,1127
1437,train,1128
1438,test,1129
1439,train,1130
1440,train,129
1441,train,1131
1442,train,25
1443,val,1132
1444,train,1133
1445,train,1134
1446,train,1135
1447,train,1136
1448,test,1137
1449,train,1138
1450,train,634
1451,test,1139
1452,train,1140
1453,train,1141
1454,train,54
1455,train,1142
1456,val,1143
1457,train,1144
1458,train,1145
1459,train,1146
1460,train,722
1461,train,54
1462,val,758
1463,train,75
1464,train,1147
1465,train,1148
1466,train,50
1467,train,447
1468,train,1149
1469,val,1150
1470,train,575
1471,train,1151
1472,train,1152
1473,test,1153
1474,train,1154
1475,train,1155
1476,train,54
1477,train,17
1478,train,1156
1479,val,1157
1480,train,144
1481,train,1158
1482,train,17
1483,train,1159
1484,train,1160
1485,train,1161
1487,train,38
1488,train,22
1489,train,144
1491,test,1162
1492,train,1163
1493,train,1164
1494,train,1165
1496,train,1166
1497,train,1167
1498,train,1168
1499,train,1169
1500,train,1170
1501,train,1171
1502,train,216
1503,train,1172
1504,test,1173
1505,train,1174
1506,train,1175
1508,train,38
1509,train,243
1510,train,11
1511,train,95
1512,val,1176
1513,train,1177
1514,train,1178
1515,val,292
1516,train,54
1517,train,35
1518,train,1179
1519,train,1180
1520,test,1181
1521,val,1182
1522,train,141
1523,test,766
1524,train,1183
1525,train,1184
1527,val,1185
1528,train,1186
1529,train,1187
1530,train,575
1531,train,1188
1532,train,1189
1533,train,247
1534,val,1190
1535,train,556
1536,test,1191
1537,val,1192
1538,train,1193
1539,train,247
1540,train,10
1541,train,1194
1542,train,1195
1543,train,1196
1544,train,1197
1545,test,1198
1546,train,38
1547,train,1199
1548,train,1200
1549,train,35
1550,test,766
1551,test,1201
1552,train,1202
1553,train,1203
1554,train,1204
1555,train,1205
1556,test,1206
1557,train,1207
1558,train,1208
1559,train,1209
1560,val,1210
1561,train,1211
1562,train,1212
1563,test,1213
1564,train,1214
1565,train,1215
1566,test,1216
1567,train,1217
1568,train,1218
1569,train,1219
1571,train,1220
1572,train,185
1573,train,656
1574,train,11
1575,train,1221
1576,train,1222
1577,train,1223
1578,train,1224
1579,train,216
1580,train,1225
1581,train,1226
1582,train,95
1583,train,1227
1584,train,1228
1585,train,1229
1586,train,1230
1587,val,1231
1588,train,127
1589,train,1232
1590,train,35
1591,train,1233
1592,train,1234
1593,train,1235
1594,train,1236
1595,train,1237
1596,train,1238
1597,test,850
1598,train,338
1599,train,1239
1600,train,1240
1601,train,153
1602,train,704
1603,train,656
1604,test,1241
1605,test,1242
1606,train,54
1607,train,1243
1608,test,1244
1609,train,1245
1610,train,38
1612,train,1246
1614,train,1247
1615,val,1248
1616,train,1249
1617,train,1250
1618,test,1251
1619,train,1252
1620,val,1253
1621,train,1254
1622,train,611
1623,train,1255
1624,train,1256
1625,train,1257
1626,train,1258
1627,train,153
1629,test,1259
1630,train,1260
1631,train,1261
1632,train,35
1633,val,1262
1634,val,1263
1635,train,1264
1636,train,283
1637,train,1265
1639,val,1266
1640,train,1267
1641,val,1268
1642,train,1269
1643,train,77
1644,train,1270
1645,test,1271
1646,train,35
1647,train,35
1648,test,1272
1649,train,1273
1650,val,1274
1651,train,1275
1652,train,1276
1653,train,1277
1654,train,1278
1655,train,1140
1656,train,267
1657,train,54
1658,train,1279
1659,train,1280
1660,test,1281
1661,test,1282
1662,val,1283
1663,train,131
1664,train,1284
1665,train,1285
1666,train,1286
1667,train,1287
1668,train,1288
1669,train,1289
1670,train,1290
1671,val,1291
1672,train,1292
1673,test,1293
1674,test,1294
1675,val,1295
1676,test,1296
1677,val,1297
1678,train,1298
1679,train,127
1680,train,1299
1681,train,95
1682,train,1300
1683,test,1301
1684,train,173
1685,val,1302
1686,train,1303
1687,train,1304
1688,train,1305
1689,train,556
1690,test,1306
1691,train,1307
1693,train,1308
1694,train,1309
1695,train,1310
1696,train,33
1697,train,11
1698,val,1311
1699,train,1312
1700,train,1313
1701,train,159
1702,train,1314
1703,train,1315
1704,train,1316
1705,val,1317
1706,test,1318
1707,train,111
1708,train,1319
1709,val,1320
1710,train,1321
1711,train,1322
1712,val,1323
1713,test,1324
1714,train,324
1715,train,1325
1716,train,154
1717,train,1326
1718,test,1327
1719,val,1328
1720,train,1329
1721,val,294
1722,val,1330
1723,train,1331
1724,train,1332
1726,train,95
1727,train,1333
1728,train,1334
1729,val,1335
1730,train,1336
1731,test,1337
1732,test,526
1734,val,852
1735,train,1338
1736,val,1339
1737,train,173
1738,train,1340
1739,train,1341
1740,test,1342
1742,train,1343
1744,test,526
1745,train,1344
1746,test,1345
1747,train,1346
1748,train,433
1750,test,1347
1751,train,127
1752,train,1348
1753,train,1349
1754,val,1350
1755,train,1351
1756,val,1352
1757,train,185
1758,test,1353
1759,train,1354
1760,train,1355
1761,train,1356
1762,train,1357
1763,val,1358
1764,train,1359
1765,test,1360
1766,train,77
1767,train,1361
1768,train,1362
1769,train,1363
1770,test,1364
1771,train,38
1773,train,1365
1774,train,1366
1775,train,153
1776,test,1367
1778,val,1368
1779,train,127
1780,train,212
1781,val,1369
1782,train,1370
1783,train,1371
1784,train,1372
1785,train,1373
1786,val,1374
1787,train,1375
1788,train,1376
1789,train,1377
1790,train,35
1792,train,1378
1793,val,758
1794,train,1379
1795,train,1380
1796,train,35
1797,train,1200
1798,train,1381
1799,test,1382
1800,test,1383
1801,train,1384
1802,val,1385
1803,train,1386
1804,train,1387
1805,train,1388
1806,train,38
1807,train,1389
1808,train,1390
1809,train,373
1810,train,50
1811,train,1391
1812,test,426
1813,test,1392
1814,val,1393
1815,val,1394
1816,train,1395
1818,train,1396
1819,train,1397
1820,train,1398
1821,train,1399
1822,test,1400
1823,train,1401
1824,train,95
1825,train,1402
1826,train,1403
1827,train,148
1828,test,1404
1829,train,1405
1830,train,1406
1831,train,17
1832,train,1407
1833,train,1408
1834,train,656
1835,val,1409
1836,train,1410
1837,train,33
1838,train,1411
1839,train,1412
1840,train,1413
1841,train,38
1842,train,1414
1843,train,35
1844,test,1415
1845,train,1416
1846,train,1417
1847,val,1418
1848,train,1419
1849,train,1420
1850,train,35
1851,val,1421
1852,val,224
1853,train,447
1854,train,239
1855,val,1422
1856,train,10
1857,train,1423
1859,train,1424
1860,train,1425
1861,train,1426
1863,val,1427
1864,train,1428
1865,train,1429
1866,train,38
1867,train,1430
1868,train,1431
1870,train,1432
1871,train,1039
1872,train,1433
1873,val,1434
1874,train,1435
1875,train,1436
1876,val,1437
1877,train,127
1878,train,1056
1879,train,1438
1880,train,1439
1881,train,1440
1882,val,1441
1883,test,1442
1884,test,1443
1885,train,1444
1886,train,1445
1887,train,1446
1888,train,1447
1889,train,1448
1891,train,38
1892,train,1449
1893,val,1450
1894,test,1451
1896,test,1452
1897,val,1453
1898,train,1454
1899,train,35
1900,train,1455
1901,train,1456
1902,val,1457
1903,train,308
1904,train,1458
1905,train,1459
1906,train,1460
1907,train,1461
1908,train,1462
1909,train,1463
1910,train,1464
1911,val,1311
1912,train,159
1913,test,1465
1914,val,1466
1915,train,95
1916,val,1467
1918,test,1468
1919,test,1469
1920,test,1470
1921,train,1471
1922,train,214
1923,train,1472
1925,train,1473
1926,train,38
1927,val,1474
1928,train,159
1929,train,1475
1930,test,1476
1931,train,54
1932,test,1477
1933,val,1478
1934,train,1479
1935,train,1480
1936,train,1481
1937,train,22
1938,val,1482
1939,train,1483
1940,train,1484
1941,train,1485
1942,train,1486
1943,train,1487
1944,val,1488
1945,val,1489
1946,test,1490
1947,train,1491
1948,train,121
1949,val,1492
1950,val,1311
1951,train,141
1952,train,1493
1953,train,1149
1954,train,54
1956,train,1039
1958,test,1494
1959,val,1495
1960,train,722
1962,train,1496
1963,train,77
1964,train,556
1965,train,1497
1966,train,54
1967,train,1498
1969,test,1499
1970,train,1500
1971,val,1501
1972,test,1502
1973,train,1503
1974,train,806
1975,train,1504
1976,train,1505
1977,val,1506
1978,train,1507
1979,train,1426
1980,train,35
1981,train,1508
1982,train,1509
1983,train,44
1984,train,1510
1985,train,1056
1986,val,1511
1987,train,556
1988,train,1512
1990,train,1513
1991,train,1514
1992,train,1515
1993,val,1516
1994,test,1517
1995,train,21
1997,train,127
1999,train,575
2000,train,33
2001,train,1518
2002,val,1519
2003,train,1520
2005,train,127
2006,train,1521
2007,train,1522
2008,train,1523
2010,test,1524
2011,train,1525
2012,val,1526
2013,train,1527
2014,test,1528
2015,train,556
2016,train,1149
2017,train,54
2018,test,1529
2019,train,85
2020,train,1379
2021,train,1530
2022,train,1531
2023,train,466
2024,train,704
2025,train,243
2026,train,1532
2027,train,1533
2028,test,1534
2029,val,1535
2030,train,1536
2031,train,1537
2032,test,1538
2033,val,1539
2034,val,1540
2035,test,1541
2036,val,1542
2038,val,1543
2039,test,1544
2040,train,1545
2041,val,1546
2042,val,1547
2044,train,1548
2045,test,1549
2046,train,1550
2047,val,1551
2048,train,1552
2049,train,1553
2050,train,1554
2052,train,1555
2053,train,33
2054,test,1556
2055,train,1557
2056,train,1558
2058,val,1559
2059,train,1560
2060,train,1561
2061,train,1126
2062,train,1562
2063,test,1563
2065,val,1564
2066,val,1565
2067,train,82
2068,train,806
2069,train,127
2070,test,1566
2071,train,1567
2072,val,1568
2073,val,1569
2074,train,1570
2075,train,657
2077,train,1571
2078,train,153
2079,train,1572
2080,test,1573
2081,train,1574
2082,train,1575
2083,train,11
2084,train,1576
2085,train,517
2086,test,1577
2087,val,1578
2088,train,1579
2089,train,1504
2090,train,466
2091,train,1580
2092,test,1581
2093,val,1582
2094,train,1583
2095,test,1584
2096,val,1038
2097,train,1585
2098,train,433
2099,train,35
2100,val,1586
2102,train,1587
2103,train,22
2105,test,1588
2106,train,95
2108,train,38
2109,train,1589
2110,train,54
2111,train,1590
2112,train,1591
2113,train,1592
2115,test,1593
2116,train,1594
2117,train,1595
2118,train,1596
2119,train,1597
2120,train,54
2121,train,1598
2122,test,1599
2123,train,1600
2124,test,1601
2125,val,1602
2127,train,1603
2128,test,1604
2129,train,33
2130,train,1605
2131,val,1606
2132,train,1607
2133,train,1608
2134,val,1609
2135,train,1610
2136,train,575
2137,val,1611
2138,test,1612
2139,train,1613
2140,train,1614
2141,train,1615
2142,train,1140
2143,val,1616
2144,val,1617
2145,train,1618
2146,train,722
2147,train,1619
2148,train,129
2149,train,1620
2150,test,1621
2151,train,1622
2152,train,1043
2153,train,1623
2154,test,1624
2155,val,1625
2156,train,173
2157,train,534
2158,train,1626
2159,train,153
2160,train,611
2161,test,1627
2162,train,1628
2163,train,1629
2164,train,1630
2165,train,1631
2166,train,38
2167,train,1632
2168,train,1633
2169,val,1634
2170,train,154
2171,test,1635
2172,val,1636
2173,train,1637
2174,val,178
2175,val,1638
2176,train,238
2177,val,1639
2178,train,1640
2179,test,1641
2180,test,1642
2181,test,1643
2183,train,1644
2184,test,1645
2185,train,1646
2186,val,1647
2187,val,1648
2188,train,1649
2189,train,556
2190,val,1650
2191,train,1651
2192,train,1652
2193,train,1653
2194,train,1654
2195,train,1655
2197,val,1656
2198,train,1657
2199,test,1658
2200,train,1659
2201,val,1660
2202,train,373
2203,train,1661
2204,train,38
2205,train,1662
2206,val,1663
2207,train,1664
2208,test,1665
2209,test,1666
2210,val,292
2211,train,1667
2212,test,1668
2213,train,1669
2214,test,1153
2215,train,466
2216,test,1670
2217,train,1671
2218,train,1672
2219,train,1673
2220,train,1674
2221,test,1675
2222,train,1676
2223,val,1677
2224,train,1678
2225,train,75
2226,train,1679
2227,train,1680
2228,train,279
2229,test,1681
2230,train,1682
2232,train,447
2233,val,1683
2234,train,1684
2235,train,1685
2236,test,1686
2237,train,1687
2238,train,54
2239,val,1688
2240,train,54
2241,train,1689
2242,test,1690
2243,test,1691
2244,train,44
2245,train,411
2246,train,1692
2247,val,1693
2248,train,748
2249,test,1694
2250,train,1695
2251,train,54
2252,train,127
2253,train,1696
2254,val,1697
2255,test,1698
2256,train,1699
2257,train,809
2259,train,1700
2260,train,466
2261,train,1701
2262,train,1702
2263,val,1703
2264,val,1704
2265,train,1705
2266,test,1706
2268,train,1707
2269,test,1708
2270,train,1709
2271,train,1710
2272,val,1711
2273,train,283
2274,train,1712
2275,val,1713
2276,train,1714
2277,train,1149
2278,train,1715
2279,val,1716
2280,test,1717
2281,val,1718
2282,train,1719
2283,test,1720
2286,val,1721
2287,test,1722
2288,test,1723
2289,train,1724
2290,train,16
2291,train,748
2292,train,243
2293,train,1725
2294,train,44
2295,val,1726
2296,train,1727
2297,train,1728
2298,train,1508
2299,val,1729
2300,val,1730
2302,train,611
2303,train,1731
2304,train,10
2305,train,1732
2306,train,1733
2307,test,1734
2308,test,1735
2310,val,1736
2311,train,1737
2312,train,54
2313,test,1738
2314,train,1739
2315,train,185
2316,train,806
2317,test,1740
2318,train,1741
2319,train,44
2320,val,1742
2321,train,54
2322,test,1743
2323,test,551
2324,train,806
2325,test,1744
2326,train,1745
2327,train,1746
2328,train,1747
2329,val,1748
2330,train,1749
2331,train,1750
2332,val,1543
2333,val,1751
2334,train,1752
2335,val,1753
2336,val,1754
2337,train,1755
2338,val,1756
2339,train,1757
2340,train,1758
2341,train,25
2342,train,1759
2343,train,619
2344,train,1760
2345,test,1761
2347,train,1762
2348,test,1763
2349,test,1764
2350,val,1765
2351,val,1766
2352,val,1767
2353,train,127
2354,test,1517
2355,val,1768
2356,train,1769
2357,train,10
2358,train,173
2359,train,1770
2360,val,1771
2361,train,1772
2362,train,11
2363,train,1773
2364,test,1774
2365,train,22
2366,train,1775
2367,val,1776
2368,val,1777
2369,val,1778
2370,train,1779
2371,test,1780
2372,test,1781
2373,test,1782
2374,train,44
2375,train,1783
2376,val,178
2377,train,22
2378,val,1784
2380,test,1785
2381,test,1786
2382,val,1787
2383,test,1788
2384,val,1789
2385,train,1790
2386,val,1791
2388,train,127
2389,train,77
2390,train,1792
2391,test,1793
2392,test,76
2393,train,1794
2394,val,443
2395,val,1795
2396,train,1796
2397,train,1797
2400,train,1798
2401,test,1799
2402,val,1800
2403,train,1801
2404,train,1802
2405,test,1803
2406,val,1804
2407,train,1805
2408,train,1806
2409,val,1807
2410,test,1808
2411,train,1809
2412,val,1810
2413,train,639
2416,val,1811
2417,test,1812
2418,train,1813
2419,val,1814
2420,test,1815
2421,train,1816
2422,train,1817
2423,train,54
2424,train,1818
2425,train,1819
2426,test,1820
2427,test,1821
2428,train,1822
2430,val,1823
2431,train,1824
2432,train,238
2433,test,1825
2434,test,1826
2435,train,1504
2436,val,1827
2437,train,92
2438,train,153
2439,val,1828
2440,test,1829
2441,val,1830
2443,train,532
2444,val,1831
2445,train,54
2446,train,1832
2447,val,1833
2448,val,1834
2449,val,1835
2450,train,1039
2451,test,1836
2453,train,11
2454,val,1837
2455,test,1838
2456,test,1839
2457,val,178
2458,train,1840
2459,train,1126
2460,train,1504
2461,train,1841
2462,train,1842
2463,train,1843
2464,test,1844
2465,val,1845
2466,train,411
2467,val,1846
2468,train,1847
2469,test,1848
2470,val,1849
2471,train,1850
2472,train,1851
2473,train,1218
2474,test,1852
2475,test,1853
2476,train,324
2477,train,1854
2478,test,1855
2479,test,1856
2480,train,144
2481,val,1857
2482,test,1858
2483,val,1859
2484,train,1860
2485,train,1861
2486,test,1862
2487,test,1863
2488,train,1864
2489,train,1865
2490,val,1866
2491,train,772
2492,val,1867
2493,train,41
2494,train,1868
2495,train,1869
2496,val,1870
2497,val,1871
2498,train,1872
2499,test,1873
2501,train,1874
2502,train,1875
2503,train,619
2504,val,1876
2505,train,1877
2506,test,1878
2507,test,1879
2509,val,1880
2510,train,1881
2511,train,1882
2513,test,1883
2514,train,1884
2515,train,75
2516,test,1885
2517,test,1517
2518,train,1886
2519,train,1887
2520,val,1888
2522,train,1889
2523,train,17
2524,train,1326
2525,val,1890
2526,train,462
2527,train,611
2528,val,1891
2529,train,35
2530,val,1892
2531,test,1893
2532,train,1894
2533,train,1895
2535,test,1896
2536,train,1897
2537,train,1898
2538,val,1899
2539,train,1900
2540,train,447
2541,test,1201
2542,train,481
2543,train,1901
2544,val,1902
2545,test,1903
2546,test,1904
2547,train,1905
2548,test,1906
2549,train,173
2550,val,1907
2551,val,852
2552,train,68
2553,val,1908
2554,train,1909
2555,train,1910
2558,val,1776
2559,train,22
2560,train,1911
2561,train,11
2562,test,1912
2563,train,238
2564,val,1913
2565,train,1914
2566,train,704
2567,train,54
2568,test,1915
2569,test,1916
2570,train,1917
2571,train,1140
2572,train,1918
2573,train,243
2574,test,1919
2575,test,1920
2576,val,1921
2577,train,1922
2578,test,1923
2579,test,1924
2580,test,1925
2581,val,1926
2582,train,1927
2583,train,54
2584,train,77
2585,test,1928
2586,train,1929
2587,val,1930
2588,train,1931
2589,test,1932
2590,train,54
2591,train,1379
2592,train,216
2593,train,1933
2594,val,1934
2595,train,35
2596,train,238
2597,test,1935
2599,val,1936
2600,val,1937
2601,val,1938
2604,train,1504
2605,train,1939
2606,train,1940
2607,val,1941
2608,train,1942
2609,train,1504
2610,train,1943
2611,test,1944
2612,train,238
2613,train,1945
2614,test,1946
2615,val,1947
2616,test,1948
2617,train,1949
2618,train,1950
2619,val,1951
2620,val,1952
2621,train,95
2622,train,1953
2623,test,551
2624,test,1954
2625,train,1955
2626,test,1956
2627,val,1957
2628,val,1958
2629,val,1959
2630,test,1960
2631,test,1961
2632,train,356
2633,test,1962
2634,train,1963
2635,train,33
2636,test,1964
2637,train,1965
2638,train,121
2639,test,1966
2640,train,35
2642,test,1967
2643,train,153
2644,val,1968
2645,val,1969
2646,val,1970
2647,train,1971
2648,val,1972
2649,train,1973
2650,test,1974
2651,train,411
2652,val,1975
2653,val,1976
2654,train,38
2655,test,1977
2656,train,1884
2657,val,1978
2658,train,1979
2659,val,1980
2660,train,127
2661,train,1981
2662,train,54
2663,train,1982
2664,test,1983
2665,train,1379
2666,train,1984
2667,test,1985
2668,train,54
2669,train,1986
2670,train,1987
2671,test,1988
2672,train,1126
2673,train,1989
2674,train,462
2676,train,1990
2677,test,1991
2679,train,1992
2680,train,216
2681,test,1993
2683,train,127
2684,val,1994
2685,val,1995
2686,train,477
2687,val,1996
2688,val,1997
2689,val,1998
2690,val,1999
2692,train,462
2693,val,2000
2694,train,33
2695,test,2001
2696,val,2002
2697,val,2003
2698,train,92
2699,train,2004
2700,train,2005
2701,train,38
2702,train,2006
2704,test,2007
2705,train,2008
2706,val,2009
2708,test,2010
2709,test,2011
2710,train,185
2711,train,2012
2712,test,2013
2713,test,2014
2714,train,534
2715,train,2015
2716,test,2016
2717,train,25
2718,train,2017
2719,train,2018
2720,train,95
2721,test,2019
2722,test,2020
2723,train,2021
2724,test,2022
2725,val,2023
2726,test,2024
2727,test,2025
2728,test,2026
2729,train,2027
2730,train,77
2731,val,2028
2733,val,2029
2734,train,121
2735,train,95
2737,val,2030
2738,val,2031
2739,train,477
2740,train,2032
2741,train,2033
2742,train,2034
2743,val,2035
2744,train,127
2745,val,2036
2746,test,2037
2747,train,2038
2748,test,2039
2749,test,2040
2750,test,2041
2751,train,148
2752,val,2042
2753,train,2043
2754,train,92
2755,train,2044
2756,train,2045
2758,val,2046
2759,val,2047
2760,val,2048
2761,test,2049
2762,train,2050
2763,train,2051
2764,train,2052
2765,test,2053
2766,val,2054
2767,test,2055
2768,train,1056
2769,train,2056
2770,train,466
2771,val,2057
2772,train,843
2773,val,2058
2774,test,2059
2775,train,447
2776,val,2060
2777,test,2061
2778,val,2062
2779,test,2063
2780,train,38
2781,test,947
2782,train,38
2783,train,2064
2784,train,144
2785,train,722
2786,train,35
2787,train,2065
2788,val,1776
2789,test,2066
2790,test,2067
2791,train,22
2792,train,144
2793,val,2068
2794,val,2069
2795,train,2070
2796,test,2071
2797,train,41
2798,test,2072
2799,train,11
2802,train,2073
2803,test,2074
2804,val,2075
2805,train,447
2806,train,2076
2807,train,111
2808,train,66
2809,test,2077
2810,val,2078
2811,val,369
2812,train,2079
2813,train,2080
2815,test,2081
2816,val,2082
2818,val,2083
2819,val,2084
2820,test,2085
2821,val,2086
2822,train,2087
2824,train,2088
2825,train,35
2826,val,2089
2827,train,2090
2828,test,2091
2829,train,1126
2830,test,2092
2831,test,2093
2832,train,2094
2833,val,2095
2835,val,2096
2836,test,2097
2837,test,2098
2838,train,806
2839,train,243
2840,train,2099
2841,train,33
2842,train,35
2843,train,2100
2844,val,2101
2845,train,232
2847,val,2102
2848,val,2103
2850,train,154
2851,train,238
2852,test,2104
2854,train,11
2855,train,35
2856,val,2105
2857,train,2106
2858,train,2107
2859,test,2108
2860,train,2109
2861,train,22
2862,train,121
2863,train,35
2864,val,2110
2865,test,2111
2866,train,127
2867,test,2112
2868,test,2113
2870,train,481
2871,train,1558
2873,train,2114
2874,train,2115
2876,train,421
2877,train,657
2878,train,185
2879,test,2116
2880,test,2117
2881,val,2118
2882,train,2119
2884,val,2120
2885,train,2121
2886,test,2122
2887,train,2123
2888,test,2124
2889,train,121
2890,test,2125
2891,test,2126
2892,test,2127
2893,train,212
2894,train,2128
2895,train,2129
2897,train,38
2898,train,17
2899,train,238
2901,val,2130
2902,test,2131
2903,val,2132
2904,val,2133
2905,train,2134
2906,val,2135
2908,train,2136
2909,train,2137
2910,train,185
2911,train,2138
2915,train,185
2916,train,17
2917,train,2139
2918,train,141
2919,train,2140
2920,val,1029
2921,test,2141
2922,test,2142
2923,val,2143
2924,train,185
2925,train,2144
2926,train,722
2927,val,2145
2928,val,2146
2929,test,2147
2930,train,2148
2931,val,2149
2932,test,2150
2933,val,2151
2934,val,2152
2936,train,2153
2937,train,1074
2938,train,121
2939,test,2154
2940,val,2155
2941,val,1311
2942,train,2156
2943,train,2157
2944,train,2158
2945,train,2159
2946,test,2160
2947,test,2161
2948,train,22
2949,val,2162
2950,train,54
2951,val,2163
2952,train,2164
2953,train,216
2954,train,2165
2956,test,1477
2957,test,2166
2958,test,2167
2959,train,95
2960,test,2168
2961,val,2169
2962,test,2170
2963,test,1153
2964,val,800
2965,train,1438
2966,test,2171
2967,train,22
2968,test,2172
2969,test,2173
2970,train,2174
2971,train,238
2972,val,2175
2974,test,2176
2975,val,2177
2976,test,2178
2977,val,2179
2978,train,2180
2979,train,619
2980,val,2181
2981,val,2182
2982,test,2183
2983,train,2184
2984,train,2185
2985,train,2186
2986,train,2187
2988,train,237
2989,val,2188
2991,val,2189
2992,train,2190
2993,train,68
2994,train,216
2995,train,44
2996,train,2191
2997,train,2192
2998,test,2193
2999,train,2194
3000,val,2195
3001,test,2196
3002,train,411
3003,test,2197
3004,val,2198
3005,train,2199
3006,val,2200
3008,val,2201
3009,val,2202
3010,train,2203
3011,train,2204
3012,test,2205
3013,val,2206
3014,test,2207
3015,train,1074
3016,test,2208
3017,test,2209
3018,test,2210
3019,train,2211
3020,val,818
3021,train,704
3022,train,2212
3023,val,2213
3024,val,2214
3025,train,2215
3026,train,1504
3027,val,2216
3028,val,2217
3029,test,2218
3030,train,1426
3031,train,806
3032,train,2219
3033,train,35
3034,train,2220
3037,train,127
3038,train,2221
3039,test,2222
3040,test,2223
3041,train,127
3042,val,2224
3043,val,2225
3044,train,327
3045,val,2226
3047,train,22
3048,test,2168
3049,train,127
3050,train,95
3051,train,37
3052,test,2227
3053,train,44
3054,train,2228
3056,val,2229
3057,train,2230
3058,train,2231
3059,train,243
3060,train,2232
3061,val,2233
3062,train,2234
3063,train,11
3064,train,2235
3065,test,2236
3066,val,2237
3067,train,11
3068,test,2238
3069,test,2239
3070,train,82
3071,train,748
3072,test,2240
3073,test,2241
3074,train,2242
3075,train,2243
3077,val,2244
3078,val,2245
3079,test,2246
3080,train,2247
3081,train,2248
3082,test,2249
3083,train,153
3084,val,2250
3085,test,2251
3086,test,2252
3087,test,2253
3088,train,2254
3089,val,2255
3090,val,2256
3091,val,2257
3092,test,2258
3093,test,2259
3094,val,2260
3095,test,2261
3096,val,2262
3097,test,2263
3098,train,556
3099,val,2264
3100,train,2265
3101,val,2266
3102,train,447
3103,val,2267
3104,train,2268
3105,test,850
3106,train,159
3108,train,2269
3109,test,1006
3110,test,2270
3111,val,2271
3112,train,54
3113,train,2272
3114,train,373
3115,train,33
3116,test,2273
3117,test,2274
3118,val,2275
3119,val,1421
3120,val,2276
3121,test,2277
3122,train,237
3123,train,2278
3124,val,2279
3125,train,1158
3126,test,1201
3127,train,185
3128,test,2280
3129,train,2281
3130,train,2282
3131,val,1143
3132,val,2283
3133,train,353
3134,train,2284
3135,train,447
3136,train,131
3137,test,2285
3138,test,365
3139,val,2286
3140,test,2287
3141,test,2288
3142,val,2289
3143,train,1056
3144,val,614
3145,train,462
3146,train,1379
3147,train,806
3148,val,2290
3149,test,2291
3150,train,2292
3151,train,2293
3152,train,2294
3153,val,2295
3155,test,2296
3156,test,1129
3157,train,127
3158,val,2297
3159,train,2298
3160,val,2299
3162,test,2300
3163,train,54
3164,train,2301
3165,test,2302
3166,train,2303
3167,train,11
3168,train,2304
3169,val,2305
3170,test,2306
3171,train,38
3172,val,2307
3173,train,267
3174,train,2308
3175,train,2309
3176,train,95
3177,test,2310
3178,val,2311
3179,train,2312
3180,train,33
3181,train,54
3182,test,2313
3183,train,54
3184,train,2314
3185,val,2315
3186,train,2316
3187,test,2317
3188,test,2318
3189,test,2319
3190,val,2320
3191,train,2321
3192,val,2322
3193,val,2323
3194,train,85
3195,val,2324
3196,train,95
3197,test,2325
3198,test,2326
3199,train,806
3200,train,279
3201,train,827
3202,val,2327
3203,train,159
3204,val,2328
3205,train,2329
3206,test,2330
3207,train,2331
3208,val,2332
3209,train,611
3210,train,77
3211,test,2333
3212,train,2334
3213,val,2335
3214,train,2336
3215,train,279
3216,test,2337
3217,train,2338
3218,val,2339
3219,train,2340
3220,train,37
3221,train,35
3222,train,238
3223,train,129
3224,train,466
3225,train,1504
3226,train,25
3227,train,611
3228,train,2341
3229,test,2342
3231,val,2343
3232,val,2344
3233,val,2345
3234,train,806
3235,train,2346
3236,train,153
3237,val,2347
3238,test,2348
3239,train,129
3240,test,2349
3241,test,2350
3242,train,2351
3243,test,2352
3244,train,2353
3245,val,2354
3246,train,2355
3247,test,2356
3248,val,2357
3249,train,2358
3250,train,2359
3251,test,2360
3252,val,2361
3253,train,1140
3254,train,85
3255,test,2362
3256,test,2363
3257,train,25
3258,train,2364
3259,train,2365
3261,test,2366
3262,val,2367
3263,train,2368
3264,val,2369
3265,train,1074
3266,train,10
3267,test,2370
3268,train,144
3269,val,2371
3270,val,2372
3271,train,35
3272,val,2373
3273,test,2374
3274,test,2375
3275,train,2376
3277,train,2377
3278,test,2378
3279,train,2379
3280,val,2380
3281,train,2381
3282,train,2382
3283,test,2383
3284,train,22
3285,train,806
3286,test,2384
3287,test,2385
3288,train,35
3289,val,2386
3290,train,44
3291,train,92
3292,train,2387
3294,train,2388
3296,test,2389
3297,train,2390
3298,train,82
3299,test,2391
3300,val,2392
3301,train,121
3302,val,2393
3303,val,2394
3304,train,2395
3305,train,2396
3306,train,2397
3307,train,237
3309,train,2398
3310,train,2399
3311,test,2400
3312,test,2401
3313,train,1881
3314,train,127
3315,train,216
3316,val,2402
3317,train,42
3318,train,2403
3319,test,2404
3320,val,2405
3321,train,1056
3322,test,2406
3323,val,2407
3325,train,54
3327,test,2408
3328,train,2409
3329,train,144
3330,train,54
3331,val,2410
3332,val,2411
3333,train,2412
3334,val,2413
3335,train,2414
3336,val,2415
3337,train,2416
3338,test,1242
3339,train,16
3340,train,2417
3341,train,127
3342,val,2418
3343,test,1153
3344,val,2419
3345,test,426
3346,train,35
3347,train,2420
3348,val,2421
3349,test,2422
3350,train,830
3352,train,75
3353,val,2423
3354,train,2424
3355,train,411
3356,train,2425
3357,train,38
3358,train,1504
3359,test,2426
3360,test,2427
3361,train,411
3362,val,2428
3363,test,2429
3364,test,2430
3365,train,2431
3366,train,38
3367,test,2432
3368,train,2433
3369,train,2434
3370,train,2192
3371,test,2435
3372,train,2436
3373,train,50
3374,val,2437
3375,test,2438
3376,val,2439
3377,train,2440
3378,val,2441
3379,train,2442
3380,train,517
3381,val,193
3382,val,2443
3383,test,2444
3384,train,95
3385,test,2445
3386,val,2446
3387,train,2447
3388,val,2448
3389,train,38
3390,train,2449
3391,val,2450
3392,train,575
3393,test,2451
3394,train,2452
3395,train,44
3396,test,2453
3398,train,2454
3399,val,2455
3400,train,77
3401,train,2456
3402,test,2457
3403,train,239
3404,val,2458
3405,train,2459
3406,val,2460
3407,train,2461
3408,test,2462
3409,train,41
3410,val,2463
3411,test,2464
3412,test,2465
3413,test,2466
3414,train,2467
3415,val,2468
3416,train,2469
3417,test,2470
3418,val,2471
3419,val,2472
3420,val,2473
3421,train,2474
3422,train,127
3423,test,2475
3424,test,2476
3426,train,517
3427,train,2477
3428,test,2478
3429,test,2479
3430,test,2480
3431,test,2481
3432,val,2482
3433,val,2483
3434,train,2484
3435,test,2485
3436,val,2486
3437,val,2487
3438,train,144
3439,test,2488
3440,train,2489
3441,test,76
3442,test,2490
3443,val,2491
3445,val,758
3446,train,722
3448,val,2492
3449,train,327
3450,train,159
3451,train,2493
3452,train,639
3453,train,843
3454,val,2494
3455,val,2495
3456,val,2496
3457,test,2497
3458,train,92
3459,val,2498
3460,train,1126
3461,test,947
3462,test,2499
3464,train,38
3465,train,283
3466,train,2500
3467,val,2501
3468,train,2502
3469,test,2503
3471,test,2504
3472,train,75
3473,train,2505
3474,train,2506
3475,train,806
3477,test,2507
3478,val,2508
3479,train,2509
3480,train,1507
3481,test,2510
3482,val,2511
3483,train,22
3485,test,2512
3486,val,2513
3487,train,153
3488,train,2376
3489,train,657
3490,train,2514
3491,test,2515
3492,train,2516
3493,train,2517
3494,test,2518
3495,train,121
3496,train,185
3497,train,2519
3498,val,2520
3499,train,154
3500,val,2521
3501,train,338
3502,test,2522
3503,train,185
3504,train,238
3505,train,279
3506,train,38
3507,train,2523
3508,test,2524
3509,train,2525
3511,train,44
3512,test,2526
3513,train,556
3514,val,2527
3515,test,2528
3516,val,2529
3517,val,2530
3518,val,2531
3520,train,2532
3521,val,2533
3522,train,37
3523,train,2534
3524,train,85
3525,test,2535
3526,val,2536
3527,train,95
3528,train,54
3529,train,2537
3530,val,2538
3531,train,2539
3532,train,38
3533,test,2540
3534,val,2541
3535,train,92
3536,val,2542
3537,train,38
3538,train,704
3539,train,2543
3540,train,1106
3541,val,2544
3542,test,2545
3543,val,2546
3544,test,2547
3545,test,2548
3546,test,2549
3547,train,2414
3548,train,173
3549,train,35
3550,train,2550
3552,train,356
3553,val,2551
3555,test,2552
3556,train,2553
3557,test,2554
3559,test,2555
3560,train,95
3561,train,806
3562,train,2556
3563,train,2557
3564,val,2558
3565,train,2559
3567,val,2560
3568,test,2561
3569,val,2562
3570,train,2563
3571,train,2564
3572,test,2565
3573,val,2566
3574,test,2567
3575,train,2568
3576,val,471
3577,train,16
3578,train,38
3579,val,2569
3580,train,657
3581,test,2570
3582,val,2571
3583,train,517
3584,val,2572
3585,train,2573
3586,train,2574
3587,train,806
3588,train,1056
3589,train,2575
3590,train,356
3591,train,2576
3592,val,2577
3593,train,127
3594,test,2578
3595,train,2579
3596,train,2580
3597,test,2581
3598,val,2582
3599,train,2583
3600,val,2584
3601,test,2585
3602,train,2586
3603,train,129
3604,train,2587
3605,test,2588
3606,train,159
3607,test,2589
3608,val,2590
3609,test,2591
3610,train,656
3611,val,2592
3612,val,2593
3613,test,2594
3614,val,2595
3615,val,2596
3616,test,2597
3617,val,2598
3618,train,106
3619,val,443
3620,train,2599
3621,test,2600
3623,train,2601
3624,train,1074
3625,train,2602
3626,val,2603
3627,test,2604
3628,val,2605
3629,train,1504
3630,test,2606
3632,test,2607
3633,train,2608
3634,test,208
3635,test,2609
3636,train,2610
3637,train,356
3638,train,2611
3639,test,2612
3640,val,2613
3641,val,2614
3642,val,2615
3643,train,2616
3644,train,2617
3645,test,2618
3646,train,267
3647,val,2619
3648,test,576
3649,train,2620
3650,val,2621
3651,test,2622
3652,train,2623
3653,train,2624
3654,test,2625
3655,train,2626
3656,val,2627
3657,train,2628
3658,val,2629
3659,val,2630
3660,test,2631
3661,val,2286
3662,test,2632
3663,val,2633
3664,train,2634
3665,test,2635
3666,train,2636
3667,train,2637
3668,val,2638
3669,test,2639
3670,train,2640
3671,test,2641
3672,test,2642
3673,train,2643
3674,train,44
3675,val,2644
3676,train,2645
3677,val,2646
3678,train,2647
3679,test,773
3680,val,2648
3681,test,2649
3682,val,2650
3683,test,2651
3684,test,2652
3685,val,2653
3686,train,2654
3687,test,2655
3688,val,2656
3689,train,2657
3690,val,2658
3691,test,2659
3692,train,2660
3693,test,2661
3694,test,2662
3695,val,2663
3696,train,2664
3697,val,2665
3698,train,447
3699,test,2666
3700,train,2667
3701,train,95
3702,train,2668
3703,val,2669
3704,train,2192
3705,val,2670
3706,val,2671
3707,test,2672
3708,val,2673
3709,train,2674
3712,val,2675
3713,test,2676
3714,val,2677
3715,train,2678
3716,train,2679
3717,train,2680
3718,test,2681
3719,train,1504
3720,train,238
3721,train,2682
3722,train,267
3723,train,11
3724,train,127
3725,test,2683
3726,train,127
3727,val,2684
3728,train,481
3729,train,2685
3730,val,2686
3731,test,2687
3732,train,2688
3733,train,2689
3734,train,11
3735,test,2690
3736,test,2691
3737,val,2692
3738,train,1074
3739,val,2693
3740,test,2694
3741,train,2695
3742,train,2403
3743,train,38
3744,train,462
3745,train,10
3746,val,2696
3747,train,127
3748,val,2697
3749,train,11
3750,test,2698
3751,train,1149
3752,test,2699
3753,test,2700
3754,train,2701
3755,train,2702
3756,test,2703
3757,val,2704
3758,test,2705
3759,val,2706
3760,train,2707
3761,train,2708
3762,train,2709
3763,train,95
3764,train,127
3765,test,2710
3766,test,2711
3767,val,2712
3768,val,2713
3769,test,2714
3770,test,2715
3771,train,2716
3772,train,1270
3773,test,2717
3774,val,2718
3775,train,1379
3776,train,2719
3777,val,2720
3778,train,159
3779,train,144
3780,train,2721
3781,val,2722
3782,train,2723
3783,train,411
3785,val,2724
3786,train,2725
3787,test,2726
3789,test,2727
3790,test,2728
3791,train,2729
3792,train,35
3793,train,2730
3794,val,2731
3795,test,2732
3796,test,1201
3797,val,2733
3798,test,2734
3799,test,2735
3801,val,2736
3803,test,2737
3804,test,2738
3805,train,144
3807,val,2739
3808,val,2740
3809,train,722
3810,train,2741
3811,train,2742
3812,train,2743
3813,train,2744
3814,val,2745
3815,val,2746
3816,train,2747
3817,train,212
3818,test,850
3819,train,2748
3820,val,2749
3821,train,21
3822,train,2750
3823,train,2751
3824,val,2752
3825,test,2753
3826,test,2754
3827,train,1379
3828,train,144
3829,test,2755
3830,train,129
3831,val,2756
3832,train,2757
3833,val,2758
3834,train,2759
3836,train,185
3837,train,37
3838,val,2760
3839,train,2761
3840,val,2762
3841,test,2763
3842,val,2764
3843,train,2765
3844,train,2766
3845,train,238
3846,test,2767
3847,train,2768
3848,train,2769
3849,train,2770
3850,test,2771
3851,train,2303
3852,train,2772
3853,test,2773
3854,train,970
3855,val,2774
3856,test,2775
3857,train,121
3858,test,2776
3860,train,85
3861,val,2777
3862,test,2778
3863,val,2779
3865,val,2780
3866,test,2781
3867,train,238
3868,train,2782
3869,test,2783
3870,train,2784
3871,train,44
3872,train,25
3873,test,2785
3874,val,2786
3875,train,2787
3876,test,2788
3877,val,2789
3878,train,2790
3879,train,153
3880,train,2791
3881,test,2792
3882,test,2793
3883,val,415
3884,test,2794
3885,train,42
3886,train,2795
3887,val,2796
3888,train,38
3889,train,2797
3890,train,212
3891,test,2798
3892,train,2799
3893,train,2800
3894,train,1504
3895,train,2801
3896,test,2802
3897,train,54
3898,train,657
3899,val,2803
3900,train,704
3901,val,2804
3902,train,38
3903,test,2805
3904,train,411
3905,val,2806
3906,val,2807
3907,test,2808
3908,test,2809
3909,val,2810
3910,train,2811
3911,train,2812
3913,train,154
3914,train,772
3915,test,2813
3916,test,2814
3917,test,2815
3918,test,2816
3921,train,2817
3922,test,208
3923,train,534
3924,test,2818
3925,train,619
3926,train,2819
3927,test,2820
3928,val,2821
3929,val,2822
3930,test,2823
3931,val,2824
3932,val,2825
3933,train,543
3934,val,2826
3935,train,2827
3936,train,950
3937,train,2828
3938,train,127
3939,train,121
3940,val,2829
3941,train,2830
3942,val,2831
3943,train,2832
3944,train,2833
3945,val,2834
3946,train,16
3947,test,2835
3948,test,1153
3949,test,2836
3950,val,2837
3951,train,2838
3952,val,2839
3953,train,35
3954,train,54
3955,train,2840
3956,test,2841
3957,train,159
3958,train,95
3959,val,2842
3960,train,2843
3961,test,2844
3962,train,127
3963,train,2845
3964,train,2846
3965,train,38
3966,train,2847
3967,test,2848
3968,val,2849
3969,test,2850
3970,train,212
3971,test,2851
3972,val,2852
3973,val,2853
3974,val,2854
3975,val,2855
3976,val,852
3977,test,2856
3978,train,2857
3979,test,2858
3980,val,2859
3981,train,216
3982,test,2860
3983,val,2861
3984,val,2862
3985,val,2863
3986,train,75
3987,val,2864
3988,test,2865
3989,train,2866
3991,train,379
3992,val,2867
3993,test,2868
3994,train,2869
3995,test,2870
3996,train,2871
3997,train,2872
3998,train,279
3999,val,2873
